address	name	size
0x80016940	FUN_80016940	192
0x80016AF4	FUN_80016AF4	344
0x80016C4C	FUN_80016C4C	400
0x80016DDC	FUN_80016DDC	384
0x80016F5C	FUN_80016F5C	124
0x80017024	FUN_80017024	212
0x800170F8	FUN_800170F8	92
0x80017154	FUN_80017154	128
0x800171D4	FUN_800171D4	52
0x80017208	FUN_80017208	80
0x80017258	FUN_80017258	108
0x800172C4	FUN_800172C4	88
0x80017418	FUN_80017418	68
0x8001745C	FUN_8001745C	60
0x80017498	FUN_80017498	244
0x8001758C	FUN_8001758C	136
0x80017614	FUN_80017614	288
0x80017734	FUN_80017734	164
0x800177D8	FUN_800177D8	776
0x80017AE0	FUN_80017AE0	448
0x80017CA0	FUN_80017CA0	44
0x80017CCC	FUN_80017CCC	164
0x80017D70	FUN_80017D70	212
0x80017E44	FUN_80017E44	168
0x80017EEC	FUN_80017EEC	48
0x80017F1C	FUN_80017F1C	108
0x80017F88	FUN_80017F88	48
0x80017FB8	FUN_80017FB8	220
0x80018094	FUN_80018094	48
0x800180C4	FUN_800180C4	44
0x800180F0	FUN_800180F0	44
0x8001811C	FUN_8001811C	212
0x800181F0	FUN_800181F0	44
0x8001821C	FUN_8001821C	44
0x80018354	FUN_80018354	144
0x800183E4	FUN_800183E4	144
0x80018474	FUN_80018474	144
0x80018504	FUN_80018504	144
0x80018594	FUN_80018594	128
0x80018614	FUN_80018614	128
0x80018694	FUN_80018694	76
0x800186E0	FUN_800186E0	76
0x8001872C	FUN_8001872C	84
0x80018780	FUN_80018780	84
0x800187D4	FUN_800187D4	84
0x80018828	FUN_80018828	84
0x8001887C	FUN_8001887C	84
0x800188D0	FUN_800188D0	76
0x8001891C	FUN_8001891C	56
0x80018BC8	FUN_80018BC8	60
0x80018C04	FUN_80018C04	60
0x80018C40	FUN_80018C40	76
0x80018C8C	FUN_80018C8C	60
0x80018CC8	FUN_80018CC8	60
0x80018D04	FUN_80018D04	60
0x80018D40	FUN_80018D40	60
0x80018D7C	FUN_80018D7C	220
0x80018E58	FUN_80018E58	172
0x80018F04	FUN_80018F04	284
0x80019020	FUN_80019020	448
0x800191E0	FUN_800191E0	1112
0x8001964C	FUN_8001964C	504
0x80019844	FUN_80019844	348
0x800199B8	FUN_800199B8	748
0x80019CA4	FUN_80019CA4	212
0x80019D78	FUN_80019D78	240
0x80019E68	FUN_80019E68	1216
0x8001A328	FUN_8001A328	500
0x8001A51C	FUN_8001A51C	316
0x8001A670	FUN_8001A670	260
0x8001A774	FUN_8001A774	480
0x8001A954	FUN_8001A954	156
0x8001A9F0	FUN_8001A9F0	528
0x8001AC00	FUN_8001AC00	284
0x8001AD1C	FUN_8001AD1C	60
0x8001AD58	FUN_8001AD58	844
0x8001B0A4	FUN_8001B0A4	528
0x8001B2B4	FUN_8001B2B4	756
0x8001B5A8	FUN_8001B5A8	472
0x8001B780	FUN_8001B780	452
0x8001B944	FUN_8001B944	472
0x8001BB1C	FUN_8001BB1C	1140
0x8001BF90	FUN_8001BF90	372
0x8001C104	FUN_8001C104	484
0x8001C2E8	FUN_8001C2E8	332
0x8001C434	FUN_8001C434	484
0x8001C618	FUN_8001C618	324
0x8001C75C	FUN_8001C75C	484
0x8001C940	FUN_8001C940	324
0x8001CA84	FUN_8001CA84	208
0x8001CB54	FUN_8001CB54	812
0x8001CE80	FUN_8001CE80	252
0x8001CF7C	FUN_8001CF7C	80
0x8001CFCC	FUN_8001CFCC	720
0x8001D29C	FUN_8001D29C	84
0x8001D2F0	FUN_8001D2F0	400
0x8001D480	FUN_8001D480	400
0x8001D610	FUN_8001D610	88
0x8001D668	FUN_8001D668	88
0x8001D6C0	FUN_8001D6C0	1892
0x8001DE24	FUN_8001DE24	432
0x8001DFD4	FUN_8001DFD4	324
0x8001E118	FUN_8001E118	264
0x8001E220	FUN_8001E220	252
0x8001E31C	FUN_8001E31C	188
0x8001E3EC	FUN_8001E3EC	1620
0x8001EA40	FUN_8001EA40	664
0x8001ECD8	FUN_8001ECD8	784
0x8001EFE8	FUN_8001EFE8	368
0x8001F158	FUN_8001F158	104
0x8001F1C0	FUN_8001F1C0	756
0x8001F4D4	FUN_8001F4D4	252
0x8001F5D0	FUN_8001F5D0	100
0x8001F634	FUN_8001F634	160
0x8001F6D4	FUN_8001F6D4	1040
0x8001FAE4	FUN_8001FAE4	512
0x8001FCE4	FUN_8001FCE4	60
0x8001FD20	FUN_8001FD20	96
0x8001FD80	FUN_8001FD80	68
0x8001FDC4	FUN_8001FDC4	156
0x8001FE60	FUN_8001FE60	200
0x8001FF28	FUN_8001FF28	192
0x8001FFE8	FUN_8001FFE8	112
0x80020058	FUN_80020058	148
0x800200EC	FUN_800200EC	148
0x80020180	FUN_80020180	228
0x80020434	FUN_80020434	172
0x800204E0	FUN_800204E0	188
0x8002059C	FUN_8002059C	40
0x800205C4	FUN_800205C4	152
0x8002065C	FUN_8002065C	32
0x8002067C	FUN_8002067C	36
0x80020778	FUN_80020778	888
0x80020AF0	FUN_80020AF0	272
0x80020C00	FUN_80020C00	176
0x80020CB0	FUN_80020CB0	300
0x80020DDC	FUN_80020DDC	272
0x80020EEC	FUN_80020EEC	192
0x80020FAC	FUN_80020FAC	252
0x800210A8	FUN_800210A8	104
0x80021110	FUN_80021110	56
0x80021148	FUN_80021148	56
0x80021180	FUN_80021180	36
0x80021310	FUN_80021310	48
0x80021340	FUN_80021340	2056
0x80021BC4	FUN_80021BC4	48
0x80021BF4	FUN_80021BF4	48
0x80021C24	FUN_80021C24	164
0x80021CC8	FUN_80021CC8	168
0x80021D70	FUN_80021D70	1352
0x800222B8	FUN_800222B8	232
0x800223A0	FUN_800223A0	64
0x800223E0	FUN_800223E0	236
0x800224CC	FUN_800224CC	48
0x800224FC	FUN_800224FC	116
0x80022570	FUN_80022570	168
0x80022618	FUN_80022618	108
0x80022684	FUN_80022684	184
0x8002273C	FUN_8002273C	104
0x800227A4	FUN_800227A4	104
0x8002280C	FUN_8002280C	104
0x80022874	FUN_80022874	200
0x8002293C	FUN_8002293C	48
0x8002296C	FUN_8002296C	48
0x8002299C	FUN_8002299C	48
0x800229CC	FUN_800229CC	48
0x800229FC	FUN_800229FC	40
0x80022A24	FUN_80022A24	44
0x80022A50	FUN_80022A50	440
0x80022C08	FUN_80022C08	308
0x80022D3C	FUN_80022D3C	264
0x80022E44	FUN_80022E44	476
0x80023020	FUN_80023020	328
0x80023168	FUN_80023168	436
0x8002331C	FUN_8002331C	748
0x80023608	FUN_80023608	116
0x8002367C	FUN_8002367C	120
0x800236F4	FUN_800236F4	160
0x80023794	FUN_80023794	284
0x800238B0	FUN_800238B0	120
0x80023928	FUN_80023928	276
0x80023A3C	FUN_80023A3C	104
0x80023AA4	FUN_80023AA4	572
0x80023CE0	FUN_80023CE0	356
0x80023E44	FUN_80023E44	140
0x80023ED0	FUN_80023ED0	312
0x80024008	FUN_80024008	676
0x800242AC	FUN_800242AC	316
0x800243E8	FUN_800243E8	660
0x8002467C	FUN_8002467C	52
0x800246B0	FUN_800246B0	1084
0x80024AEC	FUN_80024AEC	80
0x80024B3C	FUN_80024B3C	152
0x80024BD4	FUN_80024BD4	296
0x80024CFC	FUN_80024CFC	496
0x80024EEC	FUN_80024EEC	724
0x800251C0	FUN_800251C0	520
0x800253C8	FUN_800253C8	644
0x8002564C	FUN_8002564C	452
0x80025810	FUN_80025810	552
0x80025A38	FUN_80025A38	476
0x80025C14	FUN_80025C14	608
0x80025E74	FUN_80025E74	424
0x8002601C	FUN_8002601C	524
0x80026228	FUN_80026228	456
0x800263F0	FUN_800263F0	676
0x80026694	FUN_80026694	1972
0x80026E48	FUN_80026E48	1976
0x80027600	FUN_80027600	1000
0x800279E8	FUN_800279E8	3152
0x80028638	FUN_80028638	240
0x80028728	FUN_80028728	844
0x80028A74	FUN_80028A74	192
0x80028B34	FUN_80028B34	432
0x80028CE4	FUN_80028CE4	140
0x80028D70	FUN_80028D70	388
0x80028EF4	FUN_80028EF4	276
0x80029008	FUN_80029008	116
0x8002907C	FUN_8002907C	1228
0x80029548	FUN_80029548	492
0x80029734	FUN_80029734	84
0x80029788	FUN_80029788	444
0x80029944	FUN_80029944	320
0x80029A84	FUN_80029A84	156
0x80029B20	FUN_80029B20	296
0x80029C48	FUN_80029C48	148
0x80029CDC	FUN_80029CDC	812
0x8002A008	FUN_8002A008	152
0x8002A0A0	FUN_8002A0A0	992
0x8002A480	FUN_8002A480	792
0x8002A798	FUN_8002A798	612
0x8002A9FC	FUN_8002A9FC	452
0x8002ABC0	FUN_8002ABC0	436
0x8002AD74	FUN_8002AD74	648
0x8002AFFC	FUN_8002AFFC	276
0x8002B110	FUN_8002B110	360
0x8002B278	FUN_8002B278	368
0x8002B3E8	FUN_8002B3E8	796
0x8002B704	FUN_8002B704	948
0x8002BAB8	FUN_8002BAB8	228
0x8002BB9C	FUN_8002BB9C	3132
0x8002C7D8	FUN_8002C7D8	616
0x8002CA40	FUN_8002CA40	480
0x8002CC20	FUN_8002CC20	348
0x8002CD7C	FUN_8002CD7C	380
0x8002CEF8	FUN_8002CEF8	1596
0x8002D534	FUN_8002D534	120
0x8002D5AC	FUN_8002D5AC	360
0x8002D714	FUN_8002D714	112
0x8002D784	FUN_8002D784	680
0x8002DA2C	FUN_8002DA2C	272
0x8002DB3C	FUN_8002DB3C	156
0x8002DBD8	FUN_8002DBD8	748
0x8002DEC4	FUN_8002DEC4	1260
0x8002E3B0	FUN_8002E3B0	84
0x8002E404	FUN_8002E404	144
0x8002E494	FUN_8002E494	1232
0x8002E964	FUN_8002E964	472
0x8002EB3C	FUN_8002EB3C	68
0x8002EB80	FUN_8002EB80	68
0x8002EBC4	FUN_8002EBC4	344
0x8002ED1C	FUN_8002ED1C	516
0x8002EF20	FUN_8002EF20	316
0x8002F05C	FUN_8002F05C	452
0x8002F220	FUN_8002F220	484
0x8002F404	FUN_8002F404	360
0x8002F56C	FUN_8002F56C	604
0x8002F7C8	FUN_8002F7C8	60
0x8002F804	FUN_8002F804	324
0x8002F948	FUN_8002F948	220
0x8002FA24	FUN_8002FA24	3344
0x80030734	FUN_80030734	56
0x8003076C	FUN_8003076C	64
0x800307AC	FUN_800307AC	40
0x800307D4	FUN_800307D4	44
0x80030800	FUN_80030800	596
0x80030A54	FUN_80030A54	988
0x80030E30	FUN_80030E30	200
0x80030EF8	FUN_80030EF8	556
0x80031124	FUN_80031124	1284
0x80031628	FUN_80031628	196
0x800316EC	FUN_800316EC	540
0x80031908	FUN_80031908	528
0x80031B18	FUN_80031B18	376
0x80031C90	FUN_80031C90	624
0x80031F00	FUN_80031F00	136
0x80031F88	FUN_80031F88	680
0x80032230	FUN_80032230	116
0x800322A4	FUN_800322A4	208
0x80032374	FUN_80032374	320
0x800324B4	FUN_800324B4	268
0x800325C0	FUN_800325C0	536
0x800327D8	FUN_800327D8	348
0x80032934	FUN_80032934	1152
0x80032DB4	FUN_80032DB4	616
0x8003301C	FUN_8003301C	208
0x800330EC	FUN_800330EC	480
0x800332CC	FUN_800332CC	168
0x80033374	FUN_80033374	144
0x80033404	FUN_80033404	132
0x80033488	FUN_80033488	1244
0x80033964	FUN_80033964	1612
0x80033FB0	FUN_80033FB0	64
0x80033FF0	FUN_80033FF0	444
0x800341AC	FUN_800341AC	480
0x8003438C	FUN_8003438C	148
0x80034420	FUN_80034420	260
0x80034524	FUN_80034524	388
0x800346A8	FUN_800346A8	148
0x8003473C	FUN_8003473C	224
0x8003481C	FUN_8003481C	224
0x800348FC	FUN_800348FC	224
0x800349DC	FUN_800349DC	220
0x80034AB8	FUN_80034AB8	348
0x80034C14	FUN_80034C14	6188
0x80036440	FUN_80036440	412
0x800365DC	FUN_800365DC	60
0x80036618	FUN_80036618	1040
0x80036A28	FUN_80036A28	100
0x80036A8C	FUN_80036A8C	392
0x80036C14	FUN_80036C14	116
0x80036C88	FUN_80036C88	368
0x80036DF8	FUN_80036DF8	416
0x80036F98	FUN_80036F98	5056
0x80038358	FUN_80038358	408
0x800384F0	FUN_800384F0	128
0x80038570	FUN_80038570	124
0x800385EC	FUN_800385EC	348
0x80038748	FUN_80038748	308
0x8003887C	FUN_8003887C	580
0x80038AC0	FUN_80038AC0	5708
0x8003A10C	FUN_8003A10C	632
0x8003A384	FUN_8003A384	656
0x8003A614	FUN_8003A614	660
0x8003A8A8	FUN_8003A8A8	2092
0x8003B0D4	FUN_8003B0D4	320
0x8003B214	FUN_8003B214	88
0x8003B26C	FUN_8003B26C	92
0x8003B2C8	FUN_8003B2C8	328
0x8003B410	FUN_8003B410	104
0x8003B478	FUN_8003B478	40
0x8003B4A0	FUN_8003B4A0	56
0x8003B4D8	FUN_8003B4D8	436
0x8003B68C	FUN_8003B68C	88
0x8003B6E4	FUN_8003B6E4	108
0x8003B750	FUN_8003B750	272
0x8003B860	FUN_8003B860	656
0x8003BAF0	FUN_8003BAF0	88
0x8003BB48	FUN_8003BB48	236
0x8003BC34	FUN_8003BC34	244
0x8003BD28	FUN_8003BD28	1020
0x8003C124	FUN_8003C124	1248
0x8003C604	FUN_8003C604	188
0x8003C6C0	FUN_8003C6C0	204
0x8003C78C	FUN_8003C78C	584
0x8003C9D4	FUN_8003C9D4	1092
0x8003CE18	FUN_8003CE18	716
0x8003D0E4	FUN_8003D0E4	452
0x8003D2A8	FUN_8003D2A8	1484
0x8003D874	FUN_8003D874	656
0x8003DB04	FUN_8003DB04	492
0x8003DCF0	FUN_8003DCF0	460
0x8003DEBC	FUN_8003DEBC	128
0x8003DF3C	FUN_8003DF3C	76
0x8003DF88	FUN_8003DF88	140
0x8003E014	FUN_8003E014	144
0x8003E0A4	FUN_8003E0A4	136
0x8003E12C	FUN_8003E12C	364
0x8003E298	FUN_8003E298	368
0x8003E408	FUN_8003E408	2888
0x8003EF50	FUN_8003EF50	396
0x8003F0DC	FUN_8003F0DC	248
0x8003F1D4	FUN_8003F1D4	148
0x8003F268	FUN_8003F268	364
0x8003F3D4	FUN_8003F3D4	952
0x8003F78C	FUN_8003F78C	536
0x8003F9A4	FUN_8003F9A4	628
0x8003FC18	FUN_8003FC18	444
0x8003FDD4	FUN_8003FDD4	696
0x8004008C	FUN_8004008C	84
0x800400E0	FUN_800400E0	636
0x8004035C	FUN_8004035C	136
0x800403E4	FUN_800403E4	132
0x80040468	FUN_80040468	252
0x80040564	FUN_80040564	100
0x800405C8	FUN_800405C8	100
0x8004062C	FUN_8004062C	100
0x80040690	FUN_80040690	380
0x8004080C	FUN_8004080C	336
0x8004095C	FUN_8004095C	112
0x800409CC	FUN_800409CC	100
0x80040A30	FUN_80040A30	248
0x80040B28	FUN_80040B28	112
0x80040B98	FUN_80040B98	116
0x80040C0C	FUN_80040C0C	404
0x80040DA0	FUN_80040DA0	132
0x80040E24	FUN_80040E24	436
0x80040FD8	FUN_80040FD8	112
0x80041048	FUN_80041048	308
0x8004117C	FUN_8004117C	1496
0x80041754	FUN_80041754	60
0x80041790	FUN_80041790	60
0x800417CC	FUN_800417CC	84
0x80041820	FUN_80041820	84
0x80041874	FUN_80041874	84
0x800418C8	FUN_800418C8	60
0x80041904	FUN_80041904	60
0x80041940	FUN_80041940	1140
0x80041DB4	FUN_80041DB4	848
0x80042104	FUN_80042104	256
0x80042204	FUN_80042204	628
0x80042478	FUN_80042478	476
0x80042654	FUN_80042654	920
0x800429EC	FUN_800429EC	564
0x80042C20	FUN_80042C20	768
0x80042F20	FUN_80042F20	196
0x80042FE4	FUN_80042FE4	488
0x800431CC	FUN_800431CC	464
0x8004339C	FUN_8004339C	816
0x800436CC	FUN_800436CC	116
0x80043740	FUN_80043740	880
0x80043AB0	FUN_80043AB0	140
0x80043B3C	FUN_80043B3C	496
0x80043D2C	FUN_80043D2C	116
0x80043DA0	FUN_80043DA0	372
0x80043F14	FUN_80043F14	316
0x80044050	FUN_80044050	308
0x80044184	FUN_80044184	584
0x800443CC	FUN_800443CC	596
0x80044620	FUN_80044620	116
0x80044694	FUN_80044694	576
0x800448D4	FUN_800448D4	568
0x80044B0C	FUN_80044B0C	1520
0x800450FC	FUN_800450FC	120
0x80045174	FUN_80045174	412
0x80045310	FUN_80045310	608
0x80045570	FUN_80045570	528
0x80045780	FUN_80045780	304
0x800458B0	FUN_800458B0	304
0x800459E0	FUN_800459E0	628
0x80045C54	FUN_80045C54	184
0x80045D0C	FUN_80045D0C	496
0x80045EFC	FUN_80045EFC	872
0x80046264	FUN_80046264	280
0x8004637C	FUN_8004637C	172
0x80046428	FUN_80046428	2228
0x80046CDC	FUN_80046CDC	484
0x80046EC0	FUN_80046EC0	4360
0x80047FC8	FUN_80047FC8	2012
0x800487A4	FUN_800487A4	1100
0x80048BF0	FUN_80048BF0	1348
0x80049134	FUN_80049134	2144
0x80049994	FUN_80049994	2412
0x8004A300	FUN_8004A300	928
0x8004A6A0	FUN_8004A6A0	976
0x8004AA70	FUN_8004AA70	796
0x8004AD8C	FUN_8004AD8C	544
0x8004AFAC	FUN_8004AFAC	1188
0x8004B450	FUN_8004B450	1696
0x8004BAF0	FUN_8004BAF0	756
0x8004BDE4	FUN_8004BDE4	1024
0x8004C1E4	FUN_8004C1E4	116
0x8004C258	FUN_8004C258	2604
0x8004CC84	FUN_8004CC84	860
0x8004CFE0	FUN_8004CFE0	224
0x8004D0C0	FUN_8004D0C0	224
0x8004D1A0	FUN_8004D1A0	264
0x8004D2A8	FUN_8004D2A8	416
0x8004D448	FUN_8004D448	424
0x8004D5F0	FUN_8004D5F0	496
0x8004D7E0	FUN_8004D7E0	316
0x8004D91C	FUN_8004D91C	268
0x8004DA28	FUN_8004DA28	276
0x8004DB3C	FUN_8004DB3C	248
0x8004DC34	FUN_8004DC34	224
0x8004DD14	FUN_8004DD14	652
0x8004DFA0	FUN_8004DFA0	676
0x8004E244	FUN_8004E244	424
0x8004E3EC	FUN_8004E3EC	124
0x8004E468	FUN_8004E468	296
0x8004E590	FUN_8004E590	388
0x8004E714	FUN_8004E714	492
0x8004E900	FUN_8004E900	528
0x8004EB10	FUN_8004EB10	624
0x8004ED80	FUN_8004ED80	552
0x8004EFA8	FUN_8004EFA8	676
0x8004F24C	FUN_8004F24C	128
0x8004F2CC	FUN_8004F2CC	272
0x8004F3DC	FUN_8004F3DC	308
0x8004F510	FUN_8004F510	148
0x8004F5A4	FUN_8004F5A4	1456
0x8004FB54	FUN_8004FB54	468
0x8004FD28	FUN_8004FD28	252
0x8004FE24	FUN_8004FE24	1988
0x800505E8	FUN_800505E8	764
0x800508E4	FUN_800508E4	272
0x800509F4	FUN_800509F4	220
0x80050AD0	FUN_80050AD0	236
0x80050BBC	FUN_80050BBC	216
0x80050C94	FUN_80050C94	236
0x80050D80	FUN_80050D80	288
0x80050EA0	FUN_80050EA0	496
0x80051090	FUN_80051090	500
0x80051284	FUN_80051284	516
0x80051488	FUN_80051488	2064
0x80051C98	FUN_80051C98	268
0x80051DA4	FUN_80051DA4	316
0x80051EE0	FUN_80051EE0	980
0x800522B4	FUN_800522B4	32
0x800522D4	FUN_800522D4	1268
0x800527C8	FUN_800527C8	480
0x800529A8	FUN_800529A8	480
0x80052B88	FUN_80052B88	468
0x80052D5C	FUN_80052D5C	452
0x80052F20	FUN_80052F20	464
0x800530F0	FUN_800530F0	452
0x800532B4	FUN_800532B4	152
0x8005334C	FUN_8005334C	572
0x80053588	FUN_80053588	128
0x80053608	FUN_80053608	132
0x8005368C	FUN_8005368C	380
0x80053808	FUN_80053808	592
0x80053A58	FUN_80053A58	152
0x80053AF0	FUN_80053AF0	64
0x80053B30	FUN_80053B30	100
0x80053B94	FUN_80053B94	32
0x80053BB4	FUN_80053BB4	352
0x80053D14	FUN_80053D14	140
0x80053DA0	FUN_80053DA0	360
0x80053F08	FUN_80053F08	1808
0x80054618	FUN_80054618	1864
0x80054D60	FUN_80054D60	1836
0x8005548C	FUN_8005548C	1464
0x80055A44	FUN_80055A44	348
0x80055BA0	FUN_80055BA0	820
0x80055ED4	FUN_80055ED4	944
0x80056284	FUN_80056284	532
0x80056498	FUN_80056498	588
0x800566E4	FUN_800566E4	652
0x80056970	FUN_80056970	1168
0x80056E00	FUN_80056E00	580
0x80057044	FUN_80057044	324
0x80057188	FUN_80057188	820
0x800574BC	FUN_800574BC	824
0x800577F4	FUN_800577F4	1096
0x80057C3C	FUN_80057C3C	56
0x80057C74	FUN_80057C74	1096
0x800580BC	FUN_800580BC	936
0x80058464	FUN_80058464	1276
0x80058960	FUN_80058960	1204
0x80058E14	FUN_80058E14	1496
0x800593EC	FUN_800593EC	880
0x8005975C	FUN_8005975C	740
0x80059A40	FUN_80059A40	280
0x80059B58	FUN_80059B58	1060
0x80059F7C	FUN_80059F7C	248
0x8005A074	FUN_8005A074	148
0x8005A108	FUN_8005A108	64
0x8005A148	FUN_8005A148	60
0x8005A184	FUN_8005A184	556
0x8005A3B0	FUN_8005A3B0	344
0x8005A508	FUN_8005A508	344
0x8005A660	FUN_8005A660	384
0x8005A7E0	FUN_8005A7E0	696
0x8005AA98	FUN_8005AA98	1804
0x8005B1A4	FUN_8005B1A4	84
0x8005B1F8	FUN_8005B1F8	344
0x8005B350	FUN_8005B350	60
0x8005B38C	FUN_8005B38C	16
0x8005B39C	FUN_8005B39C	16
0x8005B3AC	FUN_8005B3AC	16
0x8005B3BC	FUN_8005B3BC	16
0x8005B3CC	FUN_8005B3CC	16
0x8005B3DC	FUN_8005B3DC	16
0x8005B3EC	FUN_8005B3EC	16
0x8005B3FC	FUN_8005B3FC	16
0x8005B40C	FUN_8005B40C	16
0x8005B41C	FUN_8005B41C	16
0x8005B42C	FUN_8005B42C	64
0x8005B46C	FUN_8005B46C	80
0x8005B4BC	FUN_8005B4BC	16
0x8005B4CC	FUN_8005B4CC	412
0x8005B668	FUN_8005B668	260
0x8005B76C	FUN_8005B76C	16
0x8005B77C	FUN_8005B77C	52
0x8005B7B0	FUN_8005B7B0	48
0x8005B7E0	FUN_8005B7E0	52
0x8005B814	FUN_8005B814	112
0x8005B884	FUN_8005B884	168
0x8005B92C	FUN_8005B92C	168
0x8005B9D4	FUN_8005B9D4	400
0x8005BB64	FUN_8005BB64	60
0x8005BBA0	FUN_8005BBA0	1768
0x8005C288	FUN_8005C288	80
0x8005C2D8	FUN_8005C2D8	180
0x8005C38C	FUN_8005C38C	2140
0x8005CBE8	FUN_8005CBE8	228
0x8005CCCC	FUN_8005CCCC	84
0x8005CD20	FUN_8005CD20	56
0x8005CD58	FUN_8005CD58	48
0x8005CD88	FUN_8005CD88	16
0x8005CD98	FUN_8005CD98	16
0x8005CDA8	FUN_8005CDA8	16
0x8005CDB8	FUN_8005CDB8	104
0x8005CE20	FUN_8005CE20	184
0x8005CED8	FUN_8005CED8	144
0x8005CF68	FUN_8005CF68	128
0x8005CFE8	FUN_8005CFE8	196
0x8005D0AC	FUN_8005D0AC	168
0x8005D154	FUN_8005D154	124
0x8005D1D0	FUN_8005D1D0	32
0x8005D1F0	FUN_8005D1F0	60
0x8005D22C	FUN_8005D22C	60
0x8005D268	FUN_8005D268	36
0x8005D28C	FUN_8005D28C	36
0x8005D2B0	FUN_8005D2B0	252
0x8005D3AC	FUN_8005D3AC	148
0x8005D440	FUN_8005D440	144
0x8005D4D0	FUN_8005D4D0	152
0x8005D568	FUN_8005D568	152
0x8005D600	FUN_8005D600	24
0x8005D618	FUN_8005D618	356
0x8005D77C	FUN_8005D77C	1104
0x8005DBCC	FUN_8005DBCC	104
0x8005DC34	FUN_8005DC34	104
0x8005DC9C	FUN_8005DC9C	208
0x8005DD6C	FUN_8005DD6C	60
0x8005DDA8	FUN_8005DDA8	208
0x8005DE78	FUN_8005DE78	24
0x8005DE90	FUN_8005DE90	208
0x8005DF60	FUN_8005DF60	120
0x8005DFD8	FUN_8005DFD8	120
0x8005E050	FUN_8005E050	60
0x8005E08C	FUN_8005E08C	40
0x8005E0B4	FUN_8005E0B4	240
0x8005E1A4	FUN_8005E1A4	268
0x8005E2B0	FUN_8005E2B0	276
0x8005E3C4	FUN_8005E3C4	164
0x8005E468	FUN_8005E468	384
0x8005E5E8	FUN_8005E5E8	172
0x8005E694	FUN_8005E694	664
0x8005E92C	FUN_8005E92C	272
0x8005EA3C	FUN_8005EA3C	16
0x8005EA4C	FUN_8005EA4C	108
0x8005EAB8	FUN_8005EAB8	156
0x8005EB54	FUN_8005EB54	108
0x8005EBC0	FUN_8005EBC0	296
0x8005ECE8	FUN_8005ECE8	148
0x8005ED7C	FUN_8005ED7C	156
0x8005EE18	FUN_8005EE18	100
0x8005EE7C	FUN_8005EE7C	100
0x8005EEE0	FUN_8005EEE0	380
0x8005F05C	FUN_8005F05C	152
0x8005F0F4	FUN_8005F0F4	96
0x8005F154	FUN_8005F154	116
0x8005F1C8	FUN_8005F1C8	260
0x8005F2CC	FUN_8005F2CC	284
0x8005F3E8	FUN_8005F3E8	56
0x8005F420	FUN_8005F420	1192
0x8005F8C8	FUN_8005F8C8	56
0x8005F900	FUN_8005F900	48
0x8005F930	FUN_8005F930	60
0x8005F96C	FUN_8005F96C	132
0x8005F9F0	FUN_8005F9F0	112
0x8005FA60	FUN_8005FA60	88
0x8005FAB8	FUN_8005FAB8	536
0x8005FCD0	FUN_8005FCD0	656
0x8005FF60	FUN_8005FF60	88
0x8005FFB8	FUN_8005FFB8	204
0x80060084	FUN_80060084	204
0x80060150	FUN_80060150	68
0x80060194	FUN_80060194	132
0x80060218	FUN_80060218	176
0x800602C8	FUN_800602C8	24
0x800602E0	FUN_800602E0	232
0x800603C8	FUN_800603C8	604
0x80060624	FUN_80060624	572
0x80060860	FUN_80060860	644
0x80060AE4	FUN_80060AE4	60
0x80060B20	FUN_80060B20	80
0x80060B70	FUN_80060B70	76
0x80060BBC	FUN_80060BBC	48
0x80060BEC	FUN_80060BEC	36
0x80060C10	FUN_80060C10	736
0x80060EF0	FUN_80060EF0	748
0x800611DC	FUN_800611DC	348
0x80061338	FUN_80061338	328
0x80061480	FUN_80061480	52
0x800614B4	FUN_800614B4	364
0x80061620	FUN_80061620	220
0x800616FC	FUN_800616FC	44
0x80061728	FUN_80061728	16
0x80061738	FUN_80061738	16
0x80061748	FUN_80061748	104
0x800617B0	FUN_800617B0	64
0x800617F0	FUN_800617F0	684
0x80061A9C	FUN_80061A9C	288
0x80061BBC	FUN_80061BBC	408
0x80061D54	FUN_80061D54	4480
0x80062ED4	FUN_80062ED4	60
0x80062F10	FUN_80062F10	304
0x80063040	FUN_80063040	100
0x800630A4	FUN_800630A4	340
0x800631F8	FUN_800631F8	444
0x800633B4	FUN_800633B4	624
0x80063624	FUN_80063624	48
0x80063654	FUN_80063654	80
0x800636A4	FUN_800636A4	96
0x80063704	FUN_80063704	304
0x80063834	FUN_80063834	48
0x80063864	FUN_80063864	48
0x80063894	FUN_80063894	48
0x800638C4	FUN_800638C4	280
0x800639DC	FUN_800639DC	12
0x800639E8	FUN_800639E8	12
0x800639F4	FUN_800639F4	32
0x80063A14	FUN_80063A14	32
0x80063A34	FUN_80063A34	32
0x80063A54	FUN_80063A54	516
0x80063C58	FUN_80063C58	28
0x80063C74	FUN_80063C74	48
0x80063CA4	FUN_80063CA4	656
0x80063F34	FUN_80063F34	416
0x800640D4	FUN_800640D4	416
0x80064274	FUN_80064274	960
0x80064634	FUN_80064634	48
0x80064664	FUN_80064664	144
0x800646F4	FUN_800646F4	40
0x8006471C	FUN_8006471C	40
0x80064744	FUN_80064744	40
0x8006476C	FUN_8006476C	16
0x8006477C	FUN_8006477C	16
0x8006478C	FUN_8006478C	32
0x800647AC	FUN_800647AC	16
0x800647BC	FUN_800647BC	108
0x80064828	FUN_80064828	160
0x800648C8	FUN_800648C8	32
0x800648E8	FUN_800648E8	32
0x80064908	FUN_80064908	24
0x80064920	FUN_80064920	24
0x80064938	FUN_80064938	312
0x80064A70	FUN_80064A70	300
0x80064B9C	FUN_80064B9C	324
0x80064CE0	FUN_80064CE0	32
0x80064D00	FUN_80064D00	32
0x80064D20	FUN_80064D20	36
0x80064D44	FUN_80064D44	32
0x80064D64	FUN_80064D64	260
0x80064E68	FUN_80064E68	128
0x80064EE8	FUN_80064EE8	1416
0x80065470	FUN_80065470	640
0x800656F0	FUN_800656F0	716
0x800659BC	FUN_800659BC	1052
0x80065DD8	FUN_80065DD8	136
0x80065E60	FUN_80065E60	224
0x80065F40	FUN_80065F40	244
0x80066034	FUN_80066034	80
0x80066084	FUN_80066084	492
0x80066270	FUN_80066270	364
0x800663DC	FUN_800663DC	272
0x800664EC	FUN_800664EC	228
0x800665D0	FUN_800665D0	80
0x80066620	FUN_80066620	532
0x80066834	FUN_80066834	540
0x80066A50	FUN_80066A50	224
0x80066B30	FUN_80066B30	204
0x80066BFC	FUN_80066BFC	24
0x80066C14	FUN_80066C14	148
0x80066CA8	FUN_80066CA8	32
0x80066CC8	FUN_80066CC8	96
0x80066D28	FUN_80066D28	88
0x80066D80	FUN_80066D80	144
0x80066E10	FUN_80066E10	96
0x80066E70	FUN_80066E70	136
0x80066EF8	FUN_80066EF8	184
0x80066FB0	FUN_80066FB0	60
0x80066FEC	FUN_80066FEC	196
0x800670B0	FUN_800670B0	32
0x800670D0	FUN_800670D0	2416
0x80067A40	FUN_80067A40	52
0x80067A74	FUN_80067A74	444
0x80067C30	FUN_80067C30	328
0x80067D78	FUN_80067D78	156
0x80067E14	FUN_80067E14	16
0x80067E24	FUN_80067E24	48
0x80067E54	FUN_80067E54	48
0x80067E84	FUN_80067E84	48
0x80067EB4	FUN_80067EB4	52
0x80067EE8	FUN_80067EE8	48
0x80067F18	FUN_80067F18	48
0x80067F48	FUN_80067F48	48
0x80067F78	FUN_80067F78	40
0x80067FA0	FUN_80067FA0	28
0x80067FBC	FUN_80067FBC	220
0x80068098	FUN_80068098	488
0x80068280	FUN_80068280	340
0x800683D4	FUN_800683D4	172
0x80068480	FUN_80068480	136
0x80068508	FUN_80068508	52
0x8006853C	FUN_8006853C	24
0x80068554	FUN_80068554	16
0x80068564	FUN_80068564	16
0x80068574	FUN_80068574	16
0x80068584	FUN_80068584	128
0x80068604	FUN_80068604	88
0x8006865C	FUN_8006865C	164
0x80068700	FUN_80068700	44
0x8006872C	FUN_8006872C	80
0x8006877C	FUN_8006877C	556
0x800689A8	FUN_800689A8	68
0x800689EC	FUN_800689EC	16
0x800689FC	FUN_800689FC	32
0x80068A1C	FUN_80068A1C	32
0x80068A3C	FUN_80068A3C	108
0x80068AA8	FUN_80068AA8	192
0x80068B68	FUN_80068B68	248
0x80068C60	FUN_80068C60	212
0x80068D34	FUN_80068D34	168
0x80068DDC	FUN_80068DDC	56
0x80068E14	FUN_80068E14	72
0x80068E5C	FUN_80068E5C	360
0x80068FC4	FUN_80068FC4	44
0x80068FF0	FUN_80068FF0	104
0x80069058	FUN_80069058	364
0x800691C4	FUN_800691C4	20
0x800691D8	FUN_800691D8	204
0x800692A4	FUN_800692A4	68
0x800692E8	FUN_800692E8	532
0x800694FC	FUN_800694FC	200
0x800695C4	FUN_800695C4	472
0x8006979C	FUN_8006979C	564
0x800699D0	FUN_800699D0	144
0x80069A60	FUN_80069A60	44
0x80069A8C	FUN_80069A8C	16
0x80069A9C	FUN_80069A9C	16
0x80069AAC	FUN_80069AAC	28
0x80069AC8	FUN_80069AC8	132
0x80069B4C	FUN_80069B4C	332
0x80069C98	FUN_80069C98	56
0x80069CD0	FUN_80069CD0	212
0x80069DA4	FUN_80069DA4	796
0x8006A0C0	FUN_8006A0C0	332
0x8006A20C	FUN_8006A20C	236
0x8006A2F8	FUN_8006A2F8	96
0x8006A358	FUN_8006A358	32
0x8006A378	FUN_8006A378	20
0x8006A38C	FUN_8006A38C	32
0x8006A3AC	FUN_8006A3AC	32
0x8006A3CC	FUN_8006A3CC	32
0x8006A3EC	FUN_8006A3EC	32
0x8006A40C	FUN_8006A40C	280
0x8006A524	FUN_8006A524	192
0x8006A5E4	FUN_8006A5E4	140
0x8006A670	FUN_8006A670	892
0x8006A9EC	FUN_8006A9EC	456
0x8006ABB4	FUN_8006ABB4	244
0x8006ACA8	FUN_8006ACA8	204
0x8006AD74	FUN_8006AD74	728
0x8006B04C	FUN_8006B04C	52
0x8006B080	FUN_8006B080	212
0x8006B154	FUN_8006B154	612
0x8006B3B8	FUN_8006B3B8	220
0x8006B494	FUN_8006B494	56
0x8006B4CC	FUN_8006B4CC	32
0x8006B4EC	FUN_8006B4EC	440
0x8006B6A4	FUN_8006B6A4	120
0x8006B71C	FUN_8006B71C	380
0x8006B898	FUN_8006B898	36
0x8006B8BC	FUN_8006B8BC	36
0x8006B8E0	FUN_8006B8E0	196
0x8006B9A4	FUN_8006B9A4	232
0x8006BA8C	FUN_8006BA8C	120
0x8006BB04	FUN_8006BB04	72
0x8006BB4C	FUN_8006BB4C	784
0x8006BE5C	FUN_8006BE5C	128
0x8006BEDC	FUN_8006BEDC	1072
0x8006C30C	FUN_8006C30C	216
0x8006C3E4	FUN_8006C3E4	208
0x8006C4B4	FUN_8006C4B4	176
0x8006C564	FUN_8006C564	144
0x8006C5F4	FUN_8006C5F4	312
0x8006C72C	FUN_8006C72C	316
0x8006C868	FUN_8006C868	120
0x8006C8E0	FUN_8006C8E0	120
0x8006C958	FUN_8006C958	196
0x8006CA1C	FUN_8006CA1C	144
0x8006CAAC	FUN_8006CAAC	188
0x8006CB68	FUN_8006CB68	144
0x8006CBF8	FUN_8006CBF8	144
0x8006CC88	FUN_8006CC88	180
0x8006CD3C	FUN_8006CD3C	92
0x8006CD98	FUN_8006CD98	140
0x8006CE24	FUN_8006CE24	184
0x8006CEDC	FUN_8006CEDC	176
0x8006CF8C	FUN_8006CF8C	176
0x8006D03C	FUN_8006D03C	180
0x8006D0F0	FUN_8006D0F0	184
0x8006D1A8	FUN_8006D1A8	180
0x8006D25C	FUN_8006D25C	168
0x8006D304	FUN_8006D304	220
0x8006D3E0	FUN_8006D3E0	160
0x8006D480	FUN_8006D480	160
0x8006D520	FUN_8006D520	36
0x8006D544	FUN_8006D544	40
0x8006D56C	FUN_8006D56C	36
0x8006D590	FUN_8006D590	36
0x8006D5B4	FUN_8006D5B4	36
0x8006D5D8	FUN_8006D5D8	184
0x8006D690	FUN_8006D690	576
0x8006D8D0	FUN_8006D8D0	472
0x8006DAA8	FUN_8006DAA8	232
0x8006DB90	FUN_8006DB90	120
0x8006DC08	FUN_8006DC08	184
0x8006DCC0	FUN_8006DCC0	792
0x8006DFD8	FUN_8006DFD8	56
0x8006E010	FUN_8006E010	56
0x8006E048	FUN_8006E048	32
0x8006E068	FUN_8006E068	256
0x8006E168	FUN_8006E168	80
0x8006E1B8	FUN_8006E1B8	616
0x8006E420	FUN_8006E420	32
0x8006E440	FUN_8006E440	32
0x8006E460	FUN_8006E460	64
0x8006E4A0	FUN_8006E4A0	80
0x8006E4F0	FUN_8006E4F0	312
0x8006E628	FUN_8006E628	56
0x8006E660	FUN_8006E660	628
0x8006E8D4	FUN_8006E8D4	736
0x8006EBB4	FUN_8006EBB4	672
0x8006EE54	FUN_8006EE54	164
0x8006EEF8	FUN_8006EEF8	44
0x8006EF24	FUN_8006EF24	272
0x8006F034	FUN_8006F034	452
0x8006F1F8	FUN_8006F1F8	740
0x8006F4DC	FUN_8006F4DC	264
0x8006F5E4	FUN_8006F5E4	104
0x8006F64C	FUN_8006F64C	360
0x8006F7B4	FUN_8006F7B4	40
0x8006F7DC	FUN_8006F7DC	44
0x8006F808	FUN_8006F808	480
0x8006F9E8	FUN_8006F9E8	364
0x8006FB54	FUN_8006FB54	56
0x8006FB8C	FUN_8006FB8C	48
0x8006FBBC	FUN_8006FBBC	56
0x8006FBF4	FUN_8006FBF4	52
0x8006FC28	FUN_8006FC28	480
0x8006FE08	FUN_8006FE08	320
0x8006FF48	FUN_8006FF48	264
0x80070050	FUN_80070050	572
0x8007028C	FUN_8007028C	916
0x80070620	FUN_80070620	120
0x80070698	FUN_80070698	64
0x800706D8	FUN_800706D8	152
0x80070770	FUN_80070770	180
0x80070824	FUN_80070824	64
0x80070864	FUN_80070864	32
0x80070884	FUN_80070884	32
0x800708A4	FUN_800708A4	456
0x80070A6C	FUN_80070A6C	532
0x80070C80	FUN_80070C80	16
0x80070C90	FUN_80070C90	20
0x80070CA4	FUN_80070CA4	948
0x80071058	FUN_80071058	784
0x80071368	FUN_80071368	1360
0x800718B8	FUN_800718B8	332
0x80071A04	FUN_80071A04	236
0x80071AF0	FUN_80071AF0	60
0x80071B2C	FUN_80071B2C	620
0x80071D98	FUN_80071D98	196
0x80071E5C	FUN_80071E5C	252
0x80071F58	FUN_80071F58	1228
0x80072424	FUN_80072424	68
0x80072468	FUN_80072468	208
0x80072538	FUN_80072538	1252
0x80072A1C	FUN_80072A1C	512
0x80072C1C	FUN_80072C1C	240
0x80072D0C	FUN_80072D0C	1344
0x8007324C	FUN_8007324C	268
0x80073358	FUN_80073358	156
0x800733F4	FUN_800733F4	180
0x800734A8	FUN_800734A8	1412
0x80073A2C	FUN_80073A2C	296
0x80073B54	FUN_80073B54	132
0x80073BD8	FUN_80073BD8	112
0x80073C48	FUN_80073C48	48
0x80073C78	FUN_80073C78	48
0x80073CA8	FUN_80073CA8	48
0x80073CD8	FUN_80073CD8	988
0x800740B4	FUN_800740B4	32
0x800740D4	FUN_800740D4	248
0x800741CC	FUN_800741CC	124
0x80074248	FUN_80074248	660
0x800744DC	FUN_800744DC	460
0x800746A8	FUN_800746A8	208
0x80074778	FUN_80074778	188
0x80074834	FUN_80074834	656
0x80074AC4	FUN_80074AC4	136
0x80074B4C	FUN_80074B4C	104
0x80074BB4	FUN_80074BB4	72
0x80074BFC	FUN_80074BFC	320
0x80074D3C	FUN_80074D3C	44
0x80074D68	FUN_80074D68	44
0x80074D94	FUN_80074D94	96
0x80074DF4	FUN_80074DF4	36
0x80074E18	FUN_80074E18	124
0x80074E94	FUN_80074E94	16
0x80074EA4	FUN_80074EA4	84
0x80074EF8	FUN_80074EF8	712
0x800751C0	FUN_800751C0	776
0x800754C8	FUN_800754C8	124
0x80075544	FUN_80075544	36
0x80075568	FUN_80075568	520
0x80075770	FUN_80075770	336
0x800758C0	FUN_800758C0	140
0x8007594C	FUN_8007594C	1272
0x80075E44	FUN_80075E44	1232
0x80076314	FUN_80076314	80
0x80076364	FUN_80076364	120
0x800763DC	FUN_800763DC	36
0x80076400	FUN_80076400	412
0x8007659C	FUN_8007659C	16
0x800765AC	FUN_800765AC	508
0x800767A8	FUN_800767A8	96
0x80076808	FUN_80076808	88
0x80076860	FUN_80076860	168
0x80076908	FUN_80076908	44
0x80076934	FUN_80076934	24
0x8007694C	FUN_8007694C	1124
0x80076DB0	FUN_80076DB0	136
